{
	"bs": {
		"1": {
			"keyb": 0,
			"keyb1": "1 кнопка",
			"keyb2": "2 кнопка",
			"keyb3": "3 кнопка",
			"balance": 2753254,
			"gold": 0,
			"iron": 0,
			"diamond": 0,
			"materia": 0,
			"nick": "Артём",
			"nicknotify": true,
			"subscribed": false,
			"carid": 0,
			"carname": "",
			"rank": 228,
			"reg": "14.08.2020, 18:04:12",
			"platform": false,
			"id": 281856579,
			"rating": 0,
			"work": 0,
			"bank": 0,
			"longnick": false,
			"btc": 0,
			"farm_btc": 0,
			"biz": 0,
			"paylimit": 0,
			"givelimit": 0,
			"paytime": 1415,
			"givetime": 1415,
			"worked": 0,
			"bonus": 85036,
			"hide": false,
			"topenabled": true,
			"banreason": "",
			"promoactive": false,
			"banned": false,
			"bannedby": 0,
			"bandays": 0,
			"banhours": 0,
			"banminutes": 0,
			"banseconds": 0,
			"refs": 0,
			"payban": false,
			"lastpay": "",
			"payalltime": 0,
			"reportban": false,
			"lastactivity": "18:40:13",
			"shotscount": 0,
			"business": 0,
			"notifications": true,
			"exp": 1,
			"level": 1,
			"yachtname": "",
			"yachtid": 0,
			"airplanename": "",
			"energy": 10,
			"airplaneid": 0,
			"helicopterid": 0,
			"helicoptername": "",
			"shotprize": 0,
			"petid": 0,
			"petname": "",
			"petlvl": 0,
			"peticon": "",
			"petlostchance": 0,
			"pettimer": 0,
			"homeid": 0,
			"homename": "",
			"kvartiraid": 0,
			"kvartiraname": "",
			"clan": 0,
			"suprcase": 0,
			"platcase": 0,
			"photid": 0,
			"kickbeseda": 0,
			"phonename": "",
			"farms": 0,
			"shots": 0,
			"farmid": 0,
			"farmtime": 0,
			"biznesid": 0,
			"biznesname": "",
			"biznespribil": 0,
			"biznesworkers": 0,
			"potioneffect": 0,
			"potioneffecttime": 0,
			"biznesmaxworkers": 0,
			"biznesmoney": 0,
			"tlgrmcode": 0,
			"tlgrmid": 0,
			"tlgrmpayacces": false,
			"tlgrmpayid": 0,
			"tlgrmpaycount": 0,
			"tlgrmgivid": 0,
			"tlgrmgivcount": 0,
			"tlgrmblock": false,
			"testthis": 0,
			"farmname": "",
			"marriage": {
				"partner": 0,
				"requests": []
			}
		}
	},
	"id": {
		"281856579": {
			"id": 1
		},
		"undefined": {}
	},
	"context": {
		"id": 1,
		"lastgiveawayid": 0,
		"giveawaytype": 0,
		"promotype": 0,
		"clanid": 0,
		"promocolves": 0
	}
}