{
	"621350485": {
		"vkid": "1",
		"tlgrmid": 621350485,
		"code": 0,
		"payacces": true,
		"codetype": 0
	},
	"656639406": {
		"vkid": "601",
		"tlgrmid": 656639406,
		"code": 0,
		"payacces": true,
		"codetype": 0
	},
	"709652048": {
		"vkid": "407",
		"tlgrmid": 709652048,
		"code": 0,
		"payacces": false,
		"codetype": 0
	},
	"789085231": {
		"vkid": "792",
		"tlgrmid": 789085231,
		"code": 0,
		"payacces": true,
		"codetype": 0
	},
	"828446292": {
		"vkid": "173",
		"tlgrmid": 828446292,
		"code": 0,
		"payacces": false,
		"codetype": 0
	},
	"851122069": {
		"vkid": "444",
		"tlgrmid": 851122069,
		"code": 0,
		"payacces": true,
		"codetype": 0
	},
	"875942308": {
		"vkid": "600",
		"tlgrmid": 875942308,
		"code": 0,
		"payacces": false,
		"codetype": 0
	},
	"905649790": {
		"vkid": "20",
		"tlgrmid": 905649790,
		"code": 0,
		"payacces": false,
		"codetype": 0
	},
	"906535263": {
		"vkid": "2",
		"tlgrmid": 906535263,
		"code": 0,
		"payacces": false,
		"codetype": 0
	},
	"975995221": {
		"vkid": "431",
		"tlgrmid": 975995221,
		"code": 0,
		"payacces": false,
		"codetype": 0
	},
	"982871206": {
		"vkid": "290",
		"tlgrmid": 982871206,
		"code": 0,
		"payacces": false,
		"codetype": 0
	},
	"987771779": {
		"vkid": "580",
		"tlgrmid": 987771779,
		"code": 0,
		"payacces": true,
		"codetype": 0
	},
	"1022554655": {
		"vkid": "3",
		"tlgrmid": 1022554655,
		"code": 0,
		"payacces": false,
		"codetype": 0
	},
	"1047287677": {
		"vkid": "291",
		"tlgrmid": 1047287677,
		"code": 0,
		"payacces": false,
		"codetype": 0
	}
}